{
  "network_packet_rate": {
    "mean": 252.41049300000003,
    "std": 63.94499872072162,
    "p05": 159.829,
    "p95": 341.52099999999996
  },
  "sampling_latency": {
    "mean": 71.090249,
    "std": 33.82223156095374,
    "p05": 25.1,
    "p95": 115.35049999999998
  },
  "packet_loss_rate": {
    "mean": 0.010657800000000002,
    "std": 0.010680033027596266,
    "p05": 0.001,
    "p95": 0.019
  },
  "smart_contract_violation": {
    "mean": 0.0047,
    "std": 0.06839866839189034,
    "p05": 0.0,
    "p95": 0.0
  }
}